label,feature_space,model,evaluation_split,status,majority_baseline,balanced_accuracy,balanced_accuracy_ci_low,balanced_accuracy_ci_high,macro_f1,auroc,pr_auc,confusion_matrix,mae,rmse,r2
tree_visible,F1_legal_vector,fixed_logistic,bc_train,diagnostic_only,0.5,0.6889771071242318,0.5072481250720868,0.8215145480918723,0.5937107440882412,0.7680380296952652,0.45108028427776214,"[[733, 644], [69, 378]]",,,
tree_visible,F1_legal_vector,fixed_logistic,bc_validation,diagnostic_only,0.5,0.40342392911755637,0.28633408766594115,0.5255110642009514,0.3354522052805996,0.3095590194091871,0.19990034851908642,"[[273, 828], [191, 242]]",,,
tree_visible,F1_legal_vector,fixed_logistic,dagger1,diagnostic_only,0.5,0.5723123310459555,0.3945169413919414,0.5723123310459555,0.49550715808711543,0.7170799542524433,0.1380415762399192,"[[645, 271], [47, 37]]",,,
tree_visible,F1_legal_vector,fixed_logistic,student_dev,diagnostic_only,0.5,0.5653522416051441,0.452829411102345,0.6947575490767293,0.49764445035951616,0.6304437719546321,0.17221684902927817,"[[3216, 1952], [409, 423]]",,,
tree_visible,F1_legal_vector,knn_k5,bc_train,diagnostic_only,0.5,0.9247391225941035,0.9039154958638586,0.9442570438178448,0.9276443561100989,0.9860199278982452,0.9617283415257447,"[[1333, 44], [53, 394]]",,,
tree_visible,F1_legal_vector,knn_k5,bc_validation,diagnostic_only,0.5,0.5233484990550266,0.43455736275095697,0.5820041720154043,0.5231126097041874,0.42158398936092106,0.24978426074372587,"[[860, 241], [318, 115]]",,,
tree_visible,F1_legal_vector,knn_k5,dagger1,diagnostic_only,0.5,0.49617903930131,0.49158653846153844,0.5,0.47616553169198533,0.23324755666458724,0.05170047427111703,"[[909, 7], [84, 0]]",,,
tree_visible,F1_legal_vector,knn_k5,student_dev,diagnostic_only,0.5,0.513247201714694,0.5004199011778554,0.5381836037556031,0.49334251461761064,0.6662635448916407,0.2424406305919292,"[[5131, 37], [804, 28]]",,,
tree_visible,F2_current_rgb,fixed_logistic,bc_train,diagnostic_only,0.5,0.855314783134233,0.7899808115852008,0.9142738902114234,0.8006400136958828,0.9080889460764007,0.68748340339652,"[[1111, 266], [43, 404]]",,,
tree_visible,F2_current_rgb,fixed_logistic,bc_validation,diagnostic_only,0.5,0.42407175504947214,0.28172160802571455,0.5098017821422077,0.40978245186527085,0.40907384217161386,0.23055565766384117,"[[499, 602], [262, 171]]",,,
tree_visible,F2_current_rgb,fixed_logistic,dagger1,diagnostic_only,0.5,0.6055312954876274,0.5,0.6055312954876274,0.5777027027027026,0.7993085880640465,0.17846300525972034,"[[804, 112], [56, 28]]",,,
tree_visible,F2_current_rgb,fixed_logistic,student_dev,diagnostic_only,0.5,0.448981528340081,0.3949052064980385,0.5659568410903437,0.36988523558181197,0.5304741456299119,0.16577343642692094,"[[2125, 3043], [427, 405]]",,,
tree_visible,F2_current_rgb,knn_k5,bc_train,diagnostic_only,0.5,0.951163164743899,0.9300934834090452,0.9653069267597775,0.9484515271558065,0.9947377741385726,0.9851792858095125,"[[1338, 39], [31, 416]]",,,
tree_visible,F2_current_rgb,knn_k5,bc_validation,diagnostic_only,0.5,0.3520786268204634,0.22713285604690203,0.45283833747689173,0.35913324588754314,0.2448624282355113,0.18662207365791147,"[[610, 491], [368, 65]]",,,
tree_visible,F2_current_rgb,knn_k5,dagger1,diagnostic_only,0.5,0.5,0.5,0.5,0.4780793319415449,0.4329512372634643,0.16976844625257193,"[[916, 0], [84, 0]]",,,
tree_visible,F2_current_rgb,knn_k5,student_dev,diagnostic_only,0.5,0.6573849428435342,0.4414404050579246,0.7264273110744889,0.5485277027486841,0.6797721555727555,0.25532994441233403,"[[3279, 1889], [266, 566]]",,,
tree_visible,F3_four_frame_stack,fixed_logistic,bc_train,diagnostic_only,0.5,0.8055348413290248,0.7297782796557923,0.8871473384101038,0.7508682926829269,0.8912592462620976,0.6949537259754712,"[[1054, 323], [69, 378]]",,,
tree_visible,F3_four_frame_stack,fixed_logistic,bc_validation,diagnostic_only,0.5,0.4948545621972886,0.3999359863437533,0.5883244914156815,0.49486675694786914,0.4320951140365781,0.24819963637905043,"[[782, 319], [312, 121]]",,,
tree_visible,F3_four_frame_stack,fixed_logistic,dagger1,diagnostic_only,0.5,0.598981077147016,0.5,0.598981077147016,0.5676236596333448,0.7767337284258681,0.15800079261909294,"[[792, 124], [56, 28]]",,,
tree_visible,F3_four_frame_stack,fixed_logistic,student_dev,diagnostic_only,0.5,0.5376205644201,0.44174597471839616,0.7143263635826622,0.4446603815111123,0.6165660722791141,0.2500622327821243,"[[2625, 2543], [360, 472]]",,,
tree_visible,F3_four_frame_stack,knn_k5,bc_train,diagnostic_only,0.5,0.9585130597105858,0.9383779520950076,0.9768951026328188,0.9585130597105858,0.995520853133697,0.9871232157226683,"[[1349, 28], [28, 419]]",,,
tree_visible,F3_four_frame_stack,knn_k5,bc_validation,diagnostic_only,0.5,0.3841007440223353,0.2375349259866326,0.5321014972622874,0.38862036114690296,0.3236507646837958,0.21891307460257514,"[[650, 451], [356, 77]]",,,
tree_visible,F3_four_frame_stack,knn_k5,dagger1,diagnostic_only,0.5,0.47762008733624456,0.45072115384615385,0.5,0.4666666666666667,0.40049906425452275,0.08448397041552426,"[[875, 41], [84, 0]]",,,
tree_visible,F3_four_frame_stack,knn_k5,student_dev,diagnostic_only,0.5,0.7355936681352703,0.5824768682132418,0.8260495837438047,0.6014773636270113,0.7519384730739462,0.38521787826336923,"[[3460, 1708], [165, 667]]",,,
tree_visible,F4_handwritten,fixed_logistic,bc_train,diagnostic_only,0.5,0.888228470607731,0.8314020439450106,0.9337905633993347,0.8436619517964979,0.9543425954357218,0.8650707565901741,"[[1177, 200], [35, 412]]",,,
tree_visible,F4_handwritten,fixed_logistic,bc_validation,diagnostic_only,0.5,0.5564120797175778,0.44091066496617315,0.6528781359097182,0.5015622481817095,0.5993984053967315,0.37754842573889275,"[[498, 603], [147, 286]]",,,
tree_visible,F4_handwritten,fixed_logistic,dagger1,diagnostic_only,0.5,0.6137190684133915,0.5,0.6137190684133915,0.5912577240268327,0.8608078602620086,0.23414503856301627,"[[819, 97], [56, 28]]",,,
tree_visible,F4_handwritten,fixed_logistic,student_dev,diagnostic_only,0.5,0.5984907120743035,0.5223406872108165,0.6716232069700186,0.5189029192855548,0.7029612705406049,0.22996858427608316,"[[3279, 1889], [364, 468]]",,,
tree_visible,F4_handwritten,knn_k5,bc_train,diagnostic_only,0.5,0.9566682750654326,0.9370478161397575,0.9714258623178035,0.9563235231448881,0.9949652244691065,0.9855836017548615,"[[1347, 30], [29, 418]]",,,
tree_visible,F4_handwritten,knn_k5,bc_validation,diagnostic_only,0.5,0.4145192382318824,0.3121475149339072,0.6450757575757575,0.3712521758516905,0.38416891635359834,0.22094455199241292,"[[361, 740], [216, 217]]",,,
tree_visible,F4_handwritten,knn_k5,dagger1,diagnostic_only,0.5,0.4557860262008734,0.4026442307692308,0.5,0.4550408719346049,0.12518195050946143,0.0477584410315971,"[[835, 81], [84, 0]]",,,
tree_visible,F4_handwritten,knn_k5,student_dev,diagnostic_only,0.5,0.677265048225768,0.48406726280801865,0.7778107874213709,0.5453408669364607,0.7373774819897594,0.28783268017125735,"[[3118, 2050], [207, 625]]",,,
tree_visible,F5_cnn_embedding,fixed_logistic,bc_train,diagnostic_only,0.5,0.760192617937058,0.5978308520349719,0.8604668297829144,0.676962899050906,0.8258591530074619,0.5502567069693552,"[[886, 491], [55, 392]]",,,
tree_visible,F5_cnn_embedding,fixed_logistic,bc_validation,diagnostic_only,0.5,0.547763632893045,0.49872485204896855,0.5857930573541084,0.36926968397385185,0.5304038109381981,0.3203293260928737,"[[184, 917], [31, 402]]",,,
tree_visible,F5_cnn_embedding,fixed_logistic,dagger1,diagnostic_only,0.5,0.7960334788937409,0.499,0.7960334788937409,0.6143589743589744,0.8330734040341027,0.24841745538618537,"[[695, 221], [14, 70]]",,,
tree_visible,F5_cnn_embedding,fixed_logistic,student_dev,diagnostic_only,0.5,0.5790441176470589,0.5447565919748171,0.6231993233349624,0.2748288010133396,0.5751536824243868,0.16303895246941735,"[[817, 4351], [0, 832]]",,,
tree_visible,F5_cnn_embedding,knn_k5,bc_train,diagnostic_only,0.5,0.9371018603812392,0.9092164557733895,0.9592381031094656,0.9338218220284321,0.9910043394273775,0.9743662260624952,"[[1327, 50], [40, 407]]",,,
tree_visible,F5_cnn_embedding,knn_k5,bc_validation,diagnostic_only,0.5,0.467458724275433,0.32026488513379897,0.6730639730639731,0.44206855760657504,0.39372982361195885,0.23559515337881173,"[[503, 598], [226, 207]]",,,
tree_visible,F5_cnn_embedding,knn_k5,dagger1,diagnostic_only,0.5,0.7287117903930131,0.5,0.7287117903930131,0.732474609858806,0.6643792888334372,0.4487784081470934,"[[877, 39], [42, 42]]",,,
tree_visible,F5_cnn_embedding,knn_k5,student_dev,diagnostic_only,0.5,0.6428781406287212,0.4952391054544553,0.7172931902814474,0.5277276958801383,0.7346473397683972,0.4184862551966959,"[[3098, 2070], [261, 571]]",,,
tree_visible,F6_gru_hidden,fixed_logistic,bc_train,diagnostic_only,0.5,0.8380854205962773,0.7570138278027279,0.895945354927791,0.7914260632106757,0.9281305694868883,0.8311129446215646,"[[1119, 258], [61, 386]]",,,
tree_visible,F6_gru_hidden,fixed_logistic,bc_validation,diagnostic_only,0.5,0.6280674927055605,0.6092464170134073,0.6770622895622895,0.5011492386373733,0.751494022859756,0.5123299515293023,"[[371, 730], [35, 398]]",,,
tree_visible,F6_gru_hidden,fixed_logistic,dagger1,diagnostic_only,0.5,0.548216885007278,0.001,0.7051282051282051,0.2902460857947235,0.30611873570388853,0.058821862448805676,"[[241, 675], [14, 70]]",,,
tree_visible,F6_gru_hidden,fixed_logistic,student_dev,diagnostic_only,0.5,0.5616106513455584,0.4515838871046336,0.7270619812495874,0.5265638278694857,0.549117907537509,0.15873915097671612,"[[3755, 1413], [502, 330]]",,,
tree_visible,F6_gru_hidden,knn_k5,bc_train,diagnostic_only,0.5,0.9092960574734492,0.8778017719659934,0.9324010907423075,0.9233065635117521,0.9873927531075402,0.9657719772777587,"[[1349, 28], [72, 375]]",,,
tree_visible,F6_gru_hidden,knn_k5,bc_validation,diagnostic_only,0.5,0.6692288975170588,0.5881127751272035,0.7581180176189772,0.6128651016218389,0.6629392133542256,0.37531588620970985,"[[632, 469], [102, 331]]",,,
tree_visible,F6_gru_hidden,knn_k5,dagger1,diagnostic_only,0.5,0.22543668122270744,0.002,0.49399038461538464,0.2922859164897382,0.2570570804741111,0.05438477819477093,"[[413, 503], [84, 0]]",,,
tree_visible,F6_gru_hidden,knn_k5,student_dev,diagnostic_only,0.5,0.4471656197904263,0.3677108254162158,0.49631045967129517,0.43874624181529553,0.42641174796082404,0.12270821772547666,"[[4566, 602], [823, 9]]",,,
contact_range,F1_legal_vector,fixed_logistic,bc_train,diagnostic_only,0.5,0.7392681210415201,0.5426928940211758,0.8236450781871247,0.6844302972514871,0.82734908056176,0.6285683826271621,"[[897, 437], [95, 395]]",,,
contact_range,F1_legal_vector,fixed_logistic,bc_validation,diagnostic_only,0.5,0.3894986078605095,0.35392229467828284,0.46248519152296963,0.37318596844982993,0.403068340306834,0.4627502320137703,"[[376, 341], [609, 208]]",,,
contact_range,F1_legal_vector,fixed_logistic,dagger1,coverage_insufficient_for_generalization_claim,,,,,,,,,,,
contact_range,F1_legal_vector,fixed_logistic,student_dev,diagnostic_only,0.5,0.37363785835476027,0.2990907793986695,0.4777336571523725,0.37416668934178665,0.3273210339741011,0.5372581639448758,"[[420, 1704], [1746, 2130]]",,,
contact_range,F1_legal_vector,knn_k5,bc_train,diagnostic_only,0.5,0.9310513110791543,0.9060244101372454,0.9462469876782621,0.9285590156634602,0.9849768993054493,0.9607604144410733,"[[1278, 56], [47, 443]]",,,
contact_range,F1_legal_vector,knn_k5,bc_validation,diagnostic_only,0.5,0.5912734790171887,0.4188574205008617,0.7293887938221227,0.588768091462168,0.6512515598619981,0.6295746150878427,"[[338, 379], [236, 581]]",,,
contact_range,F1_legal_vector,knn_k5,dagger1,coverage_insufficient_for_generalization_claim,,,,,,,,,,,
contact_range,F1_legal_vector,knn_k5,student_dev,diagnostic_only,0.5,0.49162599919539623,0.44740607284340705,0.529530046620131,0.3844389877700091,0.470781126406356,0.6499158232802079,"[[1701, 423], [3169, 707]]",,,
contact_range,F2_current_rgb,fixed_logistic,bc_train,diagnostic_only,0.5,0.863710491692929,0.774313445979594,0.9038955593940536,0.8173685629605025,0.9265673285806075,0.8026658758105749,"[[1082, 252], [41, 449]]",,,
contact_range,F2_current_rgb,fixed_logistic,bc_validation,diagnostic_only,0.5,0.5964033124555087,0.49683272250124433,0.7040279057522706,0.5542618043210364,0.6994310237986716,0.6135229078735402,"[[183, 534], [51, 766]]",,,
contact_range,F2_current_rgb,fixed_logistic,dagger1,coverage_insufficient_for_generalization_claim,,,,,,,,,,,
contact_range,F2_current_rgb,fixed_logistic,student_dev,diagnostic_only,0.5,0.5376174109251194,0.48321960612939413,0.6077921260677712,0.5220726871025445,0.7343754555048306,0.8638257221243077,"[[459, 1665], [546, 3330]]",,,
contact_range,F2_current_rgb,knn_k5,bc_train,diagnostic_only,0.5,0.9525624942630726,0.9311748718018339,0.9664483639240048,0.9525624942630726,0.9949958694122327,0.9869282098117849,"[[1300, 34], [34, 456]]",,,
contact_range,F2_current_rgb,knn_k5,bc_validation,diagnostic_only,0.5,0.625794441343214,0.5682725637312974,0.6725623286777183,0.6190371926930891,0.711650440687688,0.688412305802683,"[[513, 204], [379, 438]]",,,
contact_range,F2_current_rgb,knn_k5,dagger1,coverage_insufficient_for_generalization_claim,,,,,,,,,,,
contact_range,F2_current_rgb,knn_k5,student_dev,diagnostic_only,0.5,0.7379068933550227,0.5943870787700041,0.8498880408758203,0.6890297776406952,0.7996417667076742,0.8924601321851375,"[[1917, 207], [1654, 2222]]",,,
contact_range,F3_four_frame_stack,fixed_logistic,bc_train,diagnostic_only,0.5,0.8536731634182908,0.763541748776528,0.9001624285523243,0.8090169992609018,0.9148058623749349,0.7777575820594914,"[[1077, 257], [49, 441]]",,,
contact_range,F3_four_frame_stack,fixed_logistic,bc_validation,diagnostic_only,0.5,0.6163268685482315,0.4985150815882457,0.7483875213900224,0.5893034779406024,0.6686554373673798,0.5939285904777445,"[[230, 487], [72, 745]]",,,
contact_range,F3_four_frame_stack,fixed_logistic,dagger1,coverage_insufficient_for_generalization_claim,,,,,,,,,,,
contact_range,F3_four_frame_stack,fixed_logistic,student_dev,diagnostic_only,0.5,0.5473141977576044,0.5034006213206339,0.6022265542583867,0.5347157559667124,0.7111949968807029,0.8402034694966654,"[[498, 1626], [542, 3334]]",,,
contact_range,F3_four_frame_stack,knn_k5,bc_train,diagnostic_only,0.5,0.957122969127681,0.9406263433449537,0.9673859406185202,0.9574182600439121,0.9956261665085824,0.9883549642397267,"[[1304, 30], [31, 459]]",,,
contact_range,F3_four_frame_stack,knn_k5,bc_validation,diagnostic_only,0.5,0.6071059716041101,0.5056707237698516,0.6858438846103642,0.591880768700923,0.6733482533813371,0.6340165393266844,"[[545, 172], [446, 371]]",,,
contact_range,F3_four_frame_stack,knn_k5,dagger1,coverage_insufficient_for_generalization_claim,,,,,,,,,,,
contact_range,F3_four_frame_stack,knn_k5,student_dev,diagnostic_only,0.5,0.688659897500481,0.5353520727308986,0.8365688783465611,0.6378793742446611,0.7511517591475088,0.8611388246273803,"[[1830, 294], [1877, 1999]]",,,
contact_range,F4_handwritten,fixed_logistic,bc_train,diagnostic_only,0.5,0.9121882936082979,0.8515285529920325,0.936240937999703,0.8698977434954961,0.9627604565064406,0.8838568738760582,"[[1146, 188], [17, 473]]",,,
contact_range,F4_handwritten,fixed_logistic,bc_validation,diagnostic_only,0.5,0.5807893285807688,0.555856286272397,0.606440086150633,0.5513038672980364,0.60517524228007,0.5593858664364108,"[[208, 509], [105, 712]]",,,
contact_range,F4_handwritten,fixed_logistic,dagger1,coverage_insufficient_for_generalization_claim,,,,,,,,,,,
contact_range,F4_handwritten,fixed_logistic,student_dev,diagnostic_only,0.5,0.5637451680047576,0.5202721036112608,0.6414573407322832,0.5515469609297212,0.6577962263307543,0.8062515452866683,"[[513, 1611], [442, 3434]]",,,
contact_range,F4_handwritten,knn_k5,bc_train,diagnostic_only,0.5,0.9558945017287275,0.9382685619559318,0.9691981787959361,0.9541347459473958,0.9949637426184867,0.9863596690498263,"[[1298, 36], [30, 460]]",,,
contact_range,F4_handwritten,knn_k5,bc_validation,diagnostic_only,0.5,0.7420683898127141,0.5802444024993492,0.9085426622837467,0.7290888114006535,0.8053326368368132,0.8586739099728641,"[[642, 75], [336, 481]]",,,
contact_range,F4_handwritten,knn_k5,dagger1,coverage_insufficient_for_generalization_claim,,,,,,,,,,,
contact_range,F4_handwritten,knn_k5,student_dev,diagnostic_only,0.5,0.6119674601925218,0.4665764448510994,0.7362339929672547,0.5875512279355172,0.6820185156032875,0.8087343375727462,"[[1439, 685], [1758, 2118]]",,,
contact_range,F5_cnn_embedding,fixed_logistic,bc_train,diagnostic_only,0.5,0.7602591561362175,0.646055445268499,0.8418273056457624,0.7003242171233953,0.8649374292445615,0.6867698971274918,"[[904, 430], [77, 413]]",,,
contact_range,F5_cnn_embedding,fixed_logistic,bc_validation,diagnostic_only,0.5,0.6988429280850272,0.6064183360597852,0.8065333333333333,0.6879075694139567,0.870431162073716,0.8692891174034343,"[[322, 395], [42, 775]]",,,
contact_range,F5_cnn_embedding,fixed_logistic,dagger1,coverage_insufficient_for_generalization_claim,,,,,,,,,,,
contact_range,F5_cnn_embedding,fixed_logistic,student_dev,diagnostic_only,0.5,0.5993685609837155,0.561835628810381,0.6547615828185316,0.5975885684782773,0.7294767743552967,0.8479019412698114,"[[672, 1452], [456, 3420]]",,,
contact_range,F5_cnn_embedding,knn_k5,bc_train,diagnostic_only,0.5,0.9299681791757182,0.9056115271213311,0.9466938106714394,0.9308023131806924,0.9887234953951596,0.9702867903535259,"[[1286, 48], [51, 439]]",,,
contact_range,F5_cnn_embedding,knn_k5,bc_validation,diagnostic_only,0.5,0.7074296376340286,0.5535349666191243,0.8029582190460471,0.7017025859409539,0.774586071093858,0.809779321260253,"[[566, 151], [306, 511]]",,,
contact_range,F5_cnn_embedding,knn_k5,dagger1,coverage_insufficient_for_generalization_claim,,,,,,,,,,,
contact_range,F5_cnn_embedding,knn_k5,student_dev,diagnostic_only,0.5,0.5076787182312711,0.3938181131792497,0.6053826399663728,0.5060572850889214,0.6085267589045729,0.7684179328312615,"[[882, 1242], [1550, 2326]]",,,
contact_range,F6_gru_hidden,fixed_logistic,bc_train,diagnostic_only,0.5,0.7886408836398128,0.6647187426832882,0.850004988870685,0.7376112414356512,0.8886118165407091,0.7539179895692318,"[[977, 357], [76, 414]]",,,
contact_range,F6_gru_hidden,fixed_logistic,bc_validation,diagnostic_only,0.5,0.6366319613376147,0.5869333333333333,0.7099293580799438,0.6326245296391411,0.678495157812796,0.7125614708708266,"[[346, 371], [171, 646]]",,,
contact_range,F6_gru_hidden,fixed_logistic,dagger1,coverage_insufficient_for_generalization_claim,,,,,,,,,,,
contact_range,F6_gru_hidden,fixed_logistic,student_dev,diagnostic_only,0.5,0.5414844647344516,0.5,0.6172314770840119,0.49693829744520907,0.6048783474138986,0.7732155332826913,"[[265, 1859], [162, 3714]]",,,
contact_range,F6_gru_hidden,knn_k5,bc_train,diagnostic_only,0.5,0.9250114738549093,0.9028049182905462,0.9409802942129004,0.9325321657805543,0.986676559679344,0.9647474989037826,"[[1300, 34], [61, 429]]",,,
contact_range,F6_gru_hidden,knn_k5,bc_validation,diagnostic_only,0.5,0.5937837685583034,0.5255433363790627,0.6724950274372611,0.5718615667125746,0.6803815025546741,0.6521053922959754,"[[561, 156], [486, 331]]",,,
contact_range,F6_gru_hidden,knn_k5,dagger1,coverage_insufficient_for_generalization_claim,,,,,,,,,,,
contact_range,F6_gru_hidden,knn_k5,student_dev,diagnostic_only,0.5,0.475966836333106,0.3651880080318364,0.620393135390511,0.41256350498863303,0.5345632206693759,0.6906074310676564,"[[1452, 672], [2836, 1040]]",,,
valid_attack_geometry,F1_legal_vector,fixed_logistic,bc_train,diagnostic_only,0.5,0.7730456579286433,0.600805834340812,0.8757520320676414,0.596556847725606,0.7868776078066962,0.262830925089392,"[[1000, 581], [21, 222]]",,,
valid_attack_geometry,F1_legal_vector,fixed_logistic,bc_validation,diagnostic_only,0.5,0.41673978981987525,0.30865212193664077,0.4731457800511509,0.43757738464928975,0.5968576620397561,0.07339174601533252,"[[1166, 267], [99, 2]]",,,
valid_attack_geometry,F1_legal_vector,fixed_logistic,dagger1,diagnostic_only,0.5,0.6137041455413064,0.386930754834685,0.6137041455413064,0.42311264947737914,0.6074908042548961,0.05072042874579921,"[[560, 398], [15, 27]]",,,
valid_attack_geometry,F1_legal_vector,fixed_logistic,student_dev,diagnostic_only,0.5,0.6820093023255814,0.5396202908450922,0.8208291071826387,0.4256448325096759,0.6955496186046513,0.15923925114783363,"[[2206, 3169], [29, 596]]",,,
valid_attack_geometry,F1_legal_vector,knn_k5,bc_train,diagnostic_only,0.5,0.9385956692513724,0.9209010400604326,0.9522872515256893,0.9393607139248593,0.9938909321859635,0.9617458029912112,"[[1556, 25], [26, 217]]",,,
valid_attack_geometry,F1_legal_vector,knn_k5,bc_validation,diagnostic_only,0.5,0.623568916556694,0.42305630026809654,0.8700171030127615,0.5720944462441061,0.5193701505530874,0.08178294519464978,"[[1248, 185], [63, 38]]",,,
valid_attack_geometry,F1_legal_vector,knn_k5,dagger1,diagnostic_only,0.5,0.5,0.5,0.5,0.48927477017364657,0.22263644497464957,0.025976461504247327,"[[958, 0], [42, 0]]",,,
valid_attack_geometry,F1_legal_vector,knn_k5,student_dev,diagnostic_only,0.5,0.5,0.5,0.5,0.4725274725274725,0.7607099534883721,0.2716070558016765,"[[5375, 0], [625, 0]]",,,
valid_attack_geometry,F2_current_rgb,fixed_logistic,bc_train,diagnostic_only,0.5,0.899098866946221,0.802136867381035,0.9463826341314161,0.768071446571124,0.9514319998542362,0.6786031308739982,"[[1314, 267], [8, 235]]",,,
valid_attack_geometry,F2_current_rgb,fixed_logistic,bc_validation,diagnostic_only,0.5,0.5610952581650349,0.393891797556719,0.7453676031081888,0.41505309249425304,0.5197570699149469,0.06373999664567054,"[[771, 662], [42, 59]]",,,
valid_attack_geometry,F2_current_rgb,fixed_logistic,dagger1,diagnostic_only,0.5,0.4342379958246347,0.3624454148471616,0.5,0.45414847161572053,0.8148921363952679,0.09941025155369977,"[[832, 126], [42, 0]]",,,
valid_attack_geometry,F2_current_rgb,fixed_logistic,student_dev,diagnostic_only,0.5,0.6903813953488372,0.4689389959257493,0.7693776746495029,0.4799590256687585,0.8046398511627908,0.37259716029480056,"[[2769, 2606], [84, 541]]",,,
valid_attack_geometry,F2_current_rgb,knn_k5,bc_train,diagnostic_only,0.5,0.9575905232662559,0.938459390902561,0.9724976386044272,0.9466937738246506,0.9963793296423841,0.9787856623507555,"[[1551, 30], [16, 227]]",,,
valid_attack_geometry,F2_current_rgb,knn_k5,bc_validation,diagnostic_only,0.5,0.3754361479413817,0.2655288192501399,0.48221757322175735,0.41226053639846744,0.23550952443464865,0.04065145275062624,"[[1076, 357], [101, 0]]",,,
valid_attack_geometry,F2_current_rgb,knn_k5,dagger1,diagnostic_only,0.5,0.5,0.5,0.5,0.48927477017364657,0.20459290187891438,0.02550975590879964,"[[958, 0], [42, 0]]",,,
valid_attack_geometry,F2_current_rgb,knn_k5,student_dev,diagnostic_only,0.5,0.7808744186046512,0.45839944523662546,0.8637664887654719,0.6354815988607974,0.8383559441860465,0.38829455731307366,"[[4103, 1272], [126, 499]]",,,
valid_attack_geometry,F3_four_frame_stack,fixed_logistic,bc_train,diagnostic_only,0.5,0.8892793278203356,0.8205132539748381,0.9377294102402862,0.7723597064181027,0.94766556562888,0.6713970892377406,"[[1335, 246], [16, 227]]",,,
valid_attack_geometry,F3_four_frame_stack,fixed_logistic,bc_validation,diagnostic_only,0.5,0.5805034097268764,0.40663176265270506,0.7501120741183502,0.44408373107614285,0.6731015041490191,0.1716576052105668,"[[855, 578], [44, 57]]",,,
valid_attack_geometry,F3_four_frame_stack,fixed_logistic,dagger1,diagnostic_only,0.5,0.22494780793319416,0.014,0.45524017467248906,0.30118798043326345,0.3013221990257481,0.030683113562226833,"[[431, 527], [42, 0]]",,,
valid_attack_geometry,F3_four_frame_stack,fixed_logistic,student_dev,diagnostic_only,0.5,0.8282790697674418,0.7390231765645142,0.9080918956759573,0.5982121091818328,0.9592888558139535,0.6767854685773972,"[[3529, 1846], [0, 625]]",,,
valid_attack_geometry,F3_four_frame_stack,knn_k5,bc_train,diagnostic_only,0.5,0.9656608959792599,0.9419152616945745,0.982500748794741,0.9569055079445252,0.9973554269710009,0.9835982323151091,"[[1557, 24], [13, 230]]",,,
valid_attack_geometry,F3_four_frame_stack,knn_k5,bc_validation,diagnostic_only,0.5,0.418746934009521,0.2884910485933504,0.5173252279635259,0.4359867352162204,0.4063551505185411,0.05950920854665464,"[[1115, 318], [95, 6]]",,,
valid_attack_geometry,F3_four_frame_stack,knn_k5,dagger1,diagnostic_only,0.5,0.48538622129436326,0.46943231441048033,0.5,0.48186528497409326,0.19780793319415446,0.025350445970614734,"[[930, 28], [42, 0]]",,,
valid_attack_geometry,F3_four_frame_stack,knn_k5,student_dev,diagnostic_only,0.5,0.7831069767441861,0.4636908787341286,0.8669552863620027,0.6390166118915389,0.840224446511628,0.4139214043075844,"[[4127, 1248], [126, 499]]",,,
valid_attack_geometry,F4_handwritten,fixed_logistic,bc_train,diagnostic_only,0.5,0.9427538438712801,0.9001814924802782,0.96919324740673,0.8412607402917591,0.97603225546159,0.8073740533203533,"[[1413, 168], [2, 241]]",,,
valid_attack_geometry,F4_handwritten,fixed_logistic,bc_validation,diagnostic_only,0.5,0.5709755204410881,0.4296102385107621,0.6842387508729921,0.39621156211562114,0.6599946107660313,0.13492743763351867,"[[700, 733], [35, 66]]",,,
valid_attack_geometry,F4_handwritten,fixed_logistic,dagger1,diagnostic_only,0.5,0.6102992345163535,0.474,0.6102992345163535,0.5483288166214996,0.5511482254697286,0.061094814568503394,"[[850, 108], [28, 14]]",,,
valid_attack_geometry,F4_handwritten,fixed_logistic,student_dev,diagnostic_only,0.5,0.7934511627906977,0.5924647178054732,0.8497862742677449,0.6183522854474011,0.8739962046511629,0.5985653433751841,"[[3877, 1498], [84, 541]]",,,
valid_attack_geometry,F4_handwritten,knn_k5,bc_train,diagnostic_only,0.5,0.9636032828105356,0.9473482628352902,0.9759945848417321,0.9556656296053709,0.9969415617036673,0.9804895801356903,"[[1557, 24], [14, 229]]",,,
valid_attack_geometry,F4_handwritten,knn_k5,bc_validation,diagnostic_only,0.5,0.5675899760248182,0.4065735892961024,0.7397638971906755,0.48910001932884306,0.5454181147354094,0.0815597830013531,"[[1045, 388], [60, 41]]",,,
valid_attack_geometry,F4_handwritten,knn_k5,dagger1,diagnostic_only,0.5,0.46450939457202506,0.425764192139738,0.5,0.4708994708994709,0.15814196242171188,0.024489965158124533,"[[890, 68], [42, 0]]",,,
valid_attack_geometry,F4_handwritten,knn_k5,student_dev,diagnostic_only,0.5,0.8002418604651163,0.5907559109565641,0.8882939353233301,0.6286105106671109,0.8457090976744186,0.37696081415365545,"[[3950, 1425], [84, 541]]",,,
valid_attack_geometry,F5_cnn_embedding,fixed_logistic,bc_train,diagnostic_only,0.5,0.7554524796776536,0.6451179249500698,0.8583518864252185,0.612701835322435,0.8671778813742409,0.44442576673496553,"[[1081, 500], [42, 201]]",,,
valid_attack_geometry,F5_cnn_embedding,fixed_logistic,bc_validation,diagnostic_only,0.5,0.7605763716636842,0.6930810171496156,0.8432386112339673,0.46124457595232315,0.7991681233720023,0.20955463459526222,"[[761, 672], [1, 100]]",,,
valid_attack_geometry,F5_cnn_embedding,fixed_logistic,dagger1,diagnostic_only,0.5,0.5518441196938065,0.42649199417758366,0.5518441196938065,0.4787988836208346,0.7647877522616562,0.08269178402739347,"[[738, 220], [28, 14]]",,,
valid_attack_geometry,F5_cnn_embedding,fixed_logistic,student_dev,diagnostic_only,0.5,0.7459534883720931,0.6708023186171116,0.8015448328817747,0.4867126520256666,0.870704223255814,0.29209744971313656,"[[2644, 2731], [0, 625]]",,,
valid_attack_geometry,F5_cnn_embedding,knn_k5,bc_train,diagnostic_only,0.5,0.9272026612317568,0.902773485359775,0.9517313019640249,0.9235139705061716,0.9931230689541183,0.9580045555419407,"[[1546, 35], [30, 213]]",,,
valid_attack_geometry,F5_cnn_embedding,knn_k5,bc_validation,diagnostic_only,0.5,0.5410479987286935,0.29739507959479017,0.7311715481171548,0.49625649081430095,0.6247434931909102,0.08668481248469623,"[[1125, 308], [71, 30]]",,,
valid_attack_geometry,F5_cnn_embedding,knn_k5,dagger1,diagnostic_only,0.5,0.49947807933194155,0.49890829694323147,0.5,0.48901379662749106,0.15814196242171188,0.024489965158124533,"[[957, 1], [42, 0]]",,,
valid_attack_geometry,F5_cnn_embedding,knn_k5,student_dev,diagnostic_only,0.5,0.7360930232558139,0.41800843771746693,0.8541792809467745,0.6124542108758257,0.8655130790697674,0.5787552540466683,"[[4086, 1289], [180, 445]]",,,
valid_attack_geometry,F6_gru_hidden,fixed_logistic,bc_train,diagnostic_only,0.5,0.8566659638765901,0.7947967076434759,0.9098077161166572,0.7666174431784826,0.947269920845014,0.792691839600074,"[[1362, 219], [36, 207]]",,,
valid_attack_geometry,F6_gru_hidden,fixed_logistic,bc_validation,diagnostic_only,0.5,0.7460703502311152,0.6385409386592119,0.8626718469814704,0.5343888762419113,0.8872820987611671,0.638976682047241,"[[989, 444], [20, 81]]",,,
valid_attack_geometry,F6_gru_hidden,fixed_logistic,dagger1,diagnostic_only,0.5,0.6210855949895616,0.001,0.7521834061135371,0.24680983504512916,0.26642807436126853,0.029173085709106313,"[[232, 726], [0, 42]]",,,
valid_attack_geometry,F6_gru_hidden,fixed_logistic,student_dev,diagnostic_only,0.5,0.673953488372093,0.48149636949043767,0.9205981717083273,0.5690590554446158,0.756757134883721,0.1989950201370958,"[[3934, 1441], [240, 385]]",,,
valid_attack_geometry,F6_gru_hidden,knn_k5,bc_train,diagnostic_only,0.5,0.9026635743903295,0.8702076910706318,0.9315728515002568,0.924812030075188,0.9929226436359756,0.9582821337616255,"[[1566, 15], [45, 198]]",,,
valid_attack_geometry,F6_gru_hidden,knn_k5,bc_validation,diagnostic_only,0.5,0.8002148784313183,0.7817917393833624,0.8685699250098671,0.7519589205724899,0.8549812413202242,0.5111529051107002,"[[1357, 76], [35, 66]]",,,
valid_attack_geometry,F6_gru_hidden,knn_k5,dagger1,diagnostic_only,0.5,0.24008350730688935,0.002,0.5,0.3150684931506849,0.32095635749080426,0.029833585546346072,"[[460, 498], [42, 0]]",,,
valid_attack_geometry,F6_gru_hidden,knn_k5,student_dev,diagnostic_only,0.5,0.45287441860465116,0.3804202300806585,0.49708035135549183,0.4517408598348095,0.5562609116279069,0.1213243157868236,"[[4791, 584], [616, 9]]",,,
raycast_distance_regression,F1_legal_vector,fixed_ridge,bc_train,diagnostic_only,,,,,,,,,5.3897472742327155,8.579555400095737,0.724525762215211
raycast_distance_regression,F1_legal_vector,fixed_ridge,bc_validation,diagnostic_only,,,,,,,,,33.398360073906034,42.6103959577167,-9.862470197962294
raycast_distance_regression,F1_legal_vector,fixed_ridge,dagger1,unsupported_by_current_audit_data,,,,,,,,,,,
raycast_distance_regression,F1_legal_vector,fixed_ridge,student_dev,diagnostic_only,,,,,,,,,12.95218376847322,18.203429226581708,-4.322796871041561
raycast_distance_regression,F2_current_rgb,fixed_ridge,bc_train,diagnostic_only,,,,,,,,,4.298225371412863,7.561834849329681,0.7860039286134329
raycast_distance_regression,F2_current_rgb,fixed_ridge,bc_validation,diagnostic_only,,,,,,,,,7.91666308203514,13.564553290120093,-0.10080007451433826
raycast_distance_regression,F2_current_rgb,fixed_ridge,dagger1,unsupported_by_current_audit_data,,,,,,,,,,,
raycast_distance_regression,F2_current_rgb,fixed_ridge,student_dev,diagnostic_only,,,,,,,,,7.094220447962643,9.542849063319943,-0.46281560005095357
raycast_distance_regression,F3_four_frame_stack,fixed_ridge,bc_train,diagnostic_only,,,,,,,,,4.4069266553625575,7.653039136994652,0.7808107287175141
raycast_distance_regression,F3_four_frame_stack,fixed_ridge,bc_validation,diagnostic_only,,,,,,,,,7.871849860302513,11.882651182716055,0.15525786847425138
raycast_distance_regression,F3_four_frame_stack,fixed_ridge,dagger1,unsupported_by_current_audit_data,,,,,,,,,,,
raycast_distance_regression,F3_four_frame_stack,fixed_ridge,student_dev,diagnostic_only,,,,,,,,,7.597317890088668,9.676946375653971,-0.5042157875705306
raycast_distance_regression,F4_handwritten,fixed_ridge,bc_train,diagnostic_only,,,,,,,,,2.356652369864633,3.7787602549774872,0.9465620115409726
raycast_distance_regression,F4_handwritten,fixed_ridge,bc_validation,diagnostic_only,,,,,,,,,14.229910318157783,18.57009712019882,-1.0631262664656074
raycast_distance_regression,F4_handwritten,fixed_ridge,dagger1,unsupported_by_current_audit_data,,,,,,,,,,,
raycast_distance_regression,F4_handwritten,fixed_ridge,student_dev,diagnostic_only,,,,,,,,,12.594032128445528,16.247727901614734,-3.2405164124387564
raycast_distance_regression,F5_cnn_embedding,fixed_ridge,bc_train,diagnostic_only,,,,,,,,,4.099019453244443,6.8992796561809895,0.8218610359741552
raycast_distance_regression,F5_cnn_embedding,fixed_ridge,bc_validation,diagnostic_only,,,,,,,,,9.269750895691795,12.736425121447972,0.029506677635683265
raycast_distance_regression,F5_cnn_embedding,fixed_ridge,dagger1,unsupported_by_current_audit_data,,,,,,,,,,,
raycast_distance_regression,F5_cnn_embedding,fixed_ridge,student_dev,diagnostic_only,,,,,,,,,8.287900724625688,10.833984331386699,-0.8854276855918308
raycast_distance_regression,F6_gru_hidden,fixed_ridge,bc_train,diagnostic_only,,,,,,,,,3.773981785762651,6.50667046487639,0.8415584623566662
raycast_distance_regression,F6_gru_hidden,fixed_ridge,bc_validation,diagnostic_only,,,,,,,,,10.025823469814856,15.078360124165592,-0.3602091164832055
raycast_distance_regression,F6_gru_hidden,fixed_ridge,dagger1,unsupported_by_current_audit_data,,,,,,,,,,,
raycast_distance_regression,F6_gru_hidden,fixed_ridge,student_dev,diagnostic_only,,,,,,,,,7.255060194432498,10.233499660476252,-0.6822162838852359
