dataset,audit_stratum,value,timesteps,episodes,seeds,teacher_action_histogram,previous_action_histogram,next_action_histogram
teacher_dev,tree_visible,negative,164,2,2,"{""fine_look_down"": 1, ""fine_look_up"": 5, ""forward"": 41, ""forward_attack"": 13, ""forward_jump"": 14, ""noop"": 2, ""turn_left"": 17, ""turn_right"": 71}","{""attack"": 2, ""fine_look_up"": 3, ""fine_turn_left"": 3, ""forward"": 42, ""forward_attack"": 12, ""forward_jump"": 14, ""noop"": 2, ""turn_left"": 16, ""turn_right"": 70}","{""attack"": 2, ""fine_look_down"": 1, ""fine_look_up"": 4, ""fine_turn_left"": 1, ""forward"": 43, ""forward_attack"": 11, ""forward_jump"": 14, ""noop"": 4, ""turn_left"": 17, ""turn_right"": 67}"
teacher_dev,tree_visible,positive,94,2,2,"{""attack"": 40, ""backward"": 3, ""fine_look_down"": 1, ""fine_look_up"": 6, ""fine_turn_left"": 3, ""forward"": 36, ""noop"": 1, ""turn_right"": 4}","{""attack"": 38, ""backward"": 3, ""fine_look_down"": 2, ""fine_look_up"": 8, ""forward"": 35, ""forward_attack"": 1, ""noop"": 1, ""turn_left"": 1, ""turn_right"": 5}","{""attack"": 38, ""backward"": 3, ""fine_look_down"": 1, ""fine_look_up"": 7, ""fine_turn_left"": 2, ""forward"": 34, ""forward_attack"": 2, ""noop"": 1, ""turn_right"": 6}"
teacher_dev,contact_range,negative,117,2,2,"{""backward"": 3, ""fine_look_up"": 6, ""fine_turn_left"": 2, ""forward"": 55, ""forward_jump"": 3, ""noop"": 3, ""turn_left"": 6, ""turn_right"": 39}","{""attack"": 2, ""backward"": 3, ""fine_look_up"": 8, ""forward"": 54, ""forward_jump"": 3, ""noop"": 3, ""turn_left"": 4, ""turn_right"": 40}","{""backward"": 3, ""fine_look_up"": 7, ""fine_turn_left"": 2, ""forward"": 55, ""forward_attack"": 2, ""forward_jump"": 5, ""noop"": 2, ""turn_left"": 6, ""turn_right"": 35}"
teacher_dev,contact_range,positive,141,2,2,"{""attack"": 40, ""fine_look_down"": 2, ""fine_look_up"": 5, ""fine_turn_left"": 1, ""forward"": 22, ""forward_attack"": 13, ""forward_jump"": 11, ""turn_left"": 11, ""turn_right"": 36}","{""attack"": 38, ""fine_look_down"": 2, ""fine_look_up"": 3, ""fine_turn_left"": 3, ""forward"": 23, ""forward_attack"": 13, ""forward_jump"": 11, ""turn_left"": 13, ""turn_right"": 35}","{""attack"": 40, ""fine_look_down"": 2, ""fine_look_up"": 4, ""fine_turn_left"": 1, ""forward"": 22, ""forward_attack"": 11, ""forward_jump"": 9, ""noop"": 3, ""turn_left"": 11, ""turn_right"": 38}"
teacher_dev,valid_attack_geometry,negative,214,2,2,"{""backward"": 3, ""fine_look_down"": 1, ""fine_look_up"": 11, ""fine_turn_left"": 2, ""forward"": 77, ""forward_attack"": 13, ""forward_jump"": 14, ""noop"": 3, ""turn_left"": 17, ""turn_right"": 73}","{""attack"": 3, ""backward"": 3, ""fine_look_up"": 11, ""fine_turn_left"": 3, ""forward"": 77, ""forward_attack"": 12, ""forward_jump"": 14, ""noop"": 3, ""turn_left"": 16, ""turn_right"": 72}","{""attack"": 2, ""backward"": 3, ""fine_look_down"": 1, ""fine_look_up"": 11, ""fine_turn_left"": 3, ""forward"": 76, ""forward_attack"": 13, ""forward_jump"": 14, ""noop"": 4, ""turn_left"": 17, ""turn_right"": 70}"
teacher_dev,valid_attack_geometry,positive,44,2,2,"{""attack"": 40, ""fine_look_down"": 1, ""fine_turn_left"": 1, ""turn_right"": 2}","{""attack"": 37, ""fine_look_down"": 2, ""forward_attack"": 1, ""turn_left"": 1, ""turn_right"": 3}","{""attack"": 38, ""fine_look_down"": 1, ""forward"": 1, ""noop"": 1, ""turn_right"": 3}"
teacher_dev,approach_dynamics,decreasing,105,2,2,"{""attack"": 6, ""fine_look_up"": 9, ""forward"": 44, ""forward_attack"": 6, ""forward_jump"": 9, ""turn_left"": 5, ""turn_right"": 26}","{""attack"": 4, ""fine_look_down"": 1, ""fine_look_up"": 9, ""fine_turn_left"": 2, ""forward"": 44, ""forward_attack"": 3, ""forward_jump"": 9, ""turn_left"": 7, ""turn_right"": 26}","{""attack"": 7, ""fine_look_up"": 10, ""forward"": 44, ""forward_attack"": 6, ""forward_jump"": 9, ""turn_left"": 3, ""turn_right"": 26}"
teacher_dev,approach_dynamics,stable,71,2,2,"{""attack"": 31, ""backward"": 3, ""fine_look_down"": 1, ""fine_look_up"": 1, ""fine_turn_left"": 1, ""forward"": 14, ""forward_attack"": 3, ""forward_jump"": 4, ""turn_left"": 2, ""turn_right"": 11}","{""attack"": 31, ""backward"": 3, ""fine_turn_left"": 1, ""forward"": 14, ""forward_attack"": 4, ""forward_jump"": 3, ""turn_left"": 4, ""turn_right"": 11}","{""attack"": 29, ""backward"": 3, ""fine_look_down"": 2, ""forward"": 14, ""forward_attack"": 2, ""forward_jump"": 3, ""noop"": 3, ""turn_left"": 4, ""turn_right"": 11}"
teacher_dev,approach_dynamics,increasing,76,2,2,"{""attack"": 3, ""fine_look_down"": 1, ""fine_look_up"": 1, ""fine_turn_left"": 2, ""forward"": 19, ""forward_attack"": 4, ""forward_jump"": 1, ""noop"": 3, ""turn_left"": 10, ""turn_right"": 32}","{""attack"": 5, ""fine_look_down"": 1, ""fine_look_up"": 2, ""forward"": 19, ""forward_attack"": 6, ""forward_jump"": 2, ""noop"": 1, ""turn_left"": 6, ""turn_right"": 34}","{""attack"": 4, ""fine_look_up"": 1, ""fine_turn_left"": 3, ""forward"": 19, ""forward_attack"": 5, ""forward_jump"": 2, ""noop"": 2, ""turn_left"": 10, ""turn_right"": 30}"
bc_train,tree_visible,negative,1377,8,8,"{""fine_look_down"": 14, ""fine_look_up"": 16, ""fine_turn_left"": 81, ""fine_turn_right"": 45, ""forward"": 176, ""forward_attack"": 34, ""forward_jump"": 47, ""look_down"": 9, ""look_up"": 8, ""noop"": 640, ""turn_left"": 159, ""turn_right"": 148}","{""attack"": 10, ""fine_look_down"": 19, ""fine_look_up"": 7, ""fine_turn_left"": 89, ""fine_turn_right"": 35, ""forward"": 178, ""forward_attack"": 33, ""forward_jump"": 43, ""look_down"": 9, ""look_up"": 8, ""noop"": 641, ""turn_left"": 161, ""turn_right"": 144}","{""attack"": 6, ""fine_look_down"": 20, ""fine_look_up"": 15, ""fine_turn_left"": 83, ""fine_turn_right"": 45, ""forward"": 177, ""forward_attack"": 33, ""forward_jump"": 47, ""look_down"": 9, ""look_up"": 9, ""noop"": 638, ""turn_left"": 158, ""turn_right"": 137}"
bc_train,tree_visible,positive,447,8,8,"{""attack"": 155, ""backward"": 6, ""fine_look_down"": 9, ""fine_look_up"": 1, ""fine_turn_left"": 19, ""fine_turn_right"": 3, ""forward"": 177, ""forward_jump"": 18, ""look_up"": 2, ""noop"": 3, ""turn_left"": 28, ""turn_right"": 26}","{""attack"": 145, ""backward"": 6, ""fine_look_down"": 4, ""fine_look_up"": 10, ""fine_turn_left"": 11, ""fine_turn_right"": 13, ""forward"": 175, ""forward_attack"": 1, ""forward_jump"": 22, ""look_up"": 2, ""noop"": 2, ""turn_left"": 26, ""turn_right"": 30}","{""attack"": 149, ""backward"": 6, ""fine_look_down"": 3, ""fine_look_up"": 2, ""fine_turn_left"": 17, ""fine_turn_right"": 3, ""forward"": 176, ""forward_attack"": 1, ""forward_jump"": 18, ""look_up"": 1, ""noop"": 13, ""turn_left"": 29, ""turn_right"": 29}"
bc_train,contact_range,negative,1334,8,8,"{""backward"": 6, ""fine_look_down"": 12, ""fine_look_up"": 16, ""fine_turn_left"": 70, ""fine_turn_right"": 36, ""forward"": 262, ""forward_attack"": 24, ""forward_jump"": 39, ""look_down"": 6, ""look_up"": 5, ""noop"": 626, ""turn_left"": 139, ""turn_right"": 93}","{""attack"": 8, ""backward"": 6, ""fine_look_down"": 17, ""fine_look_up"": 7, ""fine_turn_left"": 69, ""fine_turn_right"": 35, ""forward"": 258, ""forward_attack"": 23, ""forward_jump"": 37, ""look_down"": 6, ""look_up"": 6, ""noop"": 625, ""turn_left"": 139, ""turn_right"": 98}","{""attack"": 8, ""backward"": 6, ""fine_look_down"": 18, ""fine_look_up"": 15, ""fine_turn_left"": 72, ""fine_turn_right"": 38, ""forward"": 262, ""forward_attack"": 24, ""forward_jump"": 36, ""look_down"": 5, ""look_up"": 5, ""noop"": 622, ""turn_left"": 137, ""turn_right"": 86}"
bc_train,contact_range,positive,490,8,8,"{""attack"": 155, ""fine_look_down"": 11, ""fine_look_up"": 1, ""fine_turn_left"": 30, ""fine_turn_right"": 12, ""forward"": 91, ""forward_attack"": 10, ""forward_jump"": 26, ""look_down"": 3, ""look_up"": 5, ""noop"": 17, ""turn_left"": 48, ""turn_right"": 81}","{""attack"": 147, ""fine_look_down"": 6, ""fine_look_up"": 10, ""fine_turn_left"": 31, ""fine_turn_right"": 13, ""forward"": 95, ""forward_attack"": 11, ""forward_jump"": 28, ""look_down"": 3, ""look_up"": 4, ""noop"": 18, ""turn_left"": 48, ""turn_right"": 76}","{""attack"": 147, ""fine_look_down"": 5, ""fine_look_up"": 2, ""fine_turn_left"": 28, ""fine_turn_right"": 10, ""forward"": 91, ""forward_attack"": 10, ""forward_jump"": 29, ""look_down"": 4, ""look_up"": 5, ""noop"": 29, ""turn_left"": 50, ""turn_right"": 80}"
bc_train,valid_attack_geometry,negative,1581,8,8,"{""backward"": 6, ""fine_look_down"": 14, ""fine_look_up"": 16, ""fine_turn_left"": 95, ""fine_turn_right"": 48, ""forward"": 318, ""forward_attack"": 34, ""forward_jump"": 55, ""look_down"": 9, ""look_up"": 8, ""noop"": 641, ""turn_left"": 178, ""turn_right"": 159}","{""attack"": 10, ""backward"": 6, ""fine_look_down"": 19, ""fine_look_up"": 7, ""fine_turn_left"": 93, ""fine_turn_right"": 47, ""forward"": 317, ""forward_attack"": 33, ""forward_jump"": 51, ""look_down"": 9, ""look_up"": 8, ""noop"": 643, ""turn_left"": 178, ""turn_right"": 160}","{""attack"": 10, ""backward"": 6, ""fine_look_down"": 20, ""fine_look_up"": 15, ""fine_turn_left"": 98, ""fine_turn_right"": 48, ""forward"": 316, ""forward_attack"": 34, ""forward_jump"": 54, ""look_down"": 9, ""look_up"": 9, ""noop"": 639, ""turn_left"": 175, ""turn_right"": 148}"
bc_train,valid_attack_geometry,positive,243,7,7,"{""attack"": 155, ""fine_look_down"": 9, ""fine_look_up"": 1, ""fine_turn_left"": 5, ""forward"": 35, ""forward_jump"": 10, ""look_up"": 2, ""noop"": 2, ""turn_left"": 9, ""turn_right"": 15}","{""attack"": 145, ""fine_look_down"": 4, ""fine_look_up"": 10, ""fine_turn_left"": 7, ""fine_turn_right"": 1, ""forward"": 36, ""forward_attack"": 1, ""forward_jump"": 14, ""look_up"": 2, ""turn_left"": 9, ""turn_right"": 14}","{""attack"": 145, ""fine_look_down"": 3, ""fine_look_up"": 2, ""fine_turn_left"": 2, ""forward"": 37, ""forward_jump"": 11, ""look_up"": 1, ""noop"": 12, ""turn_left"": 12, ""turn_right"": 18}"
bc_train,approach_dynamics,decreasing,576,8,8,"{""attack"": 37, ""fine_look_down"": 18, ""fine_look_up"": 6, ""fine_turn_left"": 53, ""fine_turn_right"": 19, ""forward"": 211, ""forward_attack"": 30, ""forward_jump"": 23, ""look_down"": 3, ""look_up"": 4, ""noop"": 15, ""turn_left"": 88, ""turn_right"": 69}","{""attack"": 27, ""fine_look_down"": 9, ""fine_look_up"": 13, ""fine_turn_left"": 46, ""fine_turn_right"": 33, ""forward"": 215, ""forward_attack"": 30, ""forward_jump"": 25, ""look_down"": 6, ""look_up"": 3, ""noop"": 11, ""turn_left"": 85, ""turn_right"": 73}","{""attack"": 44, ""fine_look_down"": 11, ""fine_look_up"": 8, ""fine_turn_left"": 52, ""fine_turn_right"": 11, ""forward"": 200, ""forward_attack"": 29, ""forward_jump"": 26, ""look_down"": 2, ""look_up"": 2, ""noop"": 34, ""turn_left"": 88, ""turn_right"": 69}"
bc_train,approach_dynamics,stable,865,8,8,"{""attack"": 110, ""backward"": 4, ""fine_look_down"": 1, ""fine_look_up"": 7, ""fine_turn_left"": 12, ""fine_turn_right"": 21, ""forward"": 66, ""forward_attack"": 4, ""forward_jump"": 21, ""look_down"": 3, ""look_up"": 1, ""noop"": 581, ""turn_left"": 15, ""turn_right"": 19}","{""attack"": 112, ""backward"": 2, ""fine_look_down"": 9, ""fine_turn_left"": 13, ""fine_turn_right"": 8, ""forward"": 79, ""forward_attack"": 3, ""forward_jump"": 23, ""noop"": 592, ""turn_left"": 9, ""turn_right"": 15}","{""attack"": 100, ""backward"": 6, ""fine_look_down"": 9, ""fine_look_up"": 7, ""fine_turn_left"": 12, ""fine_turn_right"": 28, ""forward"": 68, ""forward_attack"": 5, ""forward_jump"": 16, ""look_down"": 5, ""look_up"": 2, ""noop"": 565, ""turn_left"": 21, ""turn_right"": 21}"
bc_train,approach_dynamics,increasing,359,8,8,"{""attack"": 8, ""backward"": 2, ""fine_look_down"": 4, ""fine_look_up"": 4, ""fine_turn_left"": 35, ""fine_turn_right"": 8, ""forward"": 74, ""forward_jump"": 21, ""look_down"": 3, ""look_up"": 5, ""noop"": 47, ""turn_left"": 84, ""turn_right"": 64}","{""attack"": 16, ""backward"": 4, ""fine_look_down"": 5, ""fine_look_up"": 4, ""fine_turn_left"": 41, ""fine_turn_right"": 7, ""forward"": 58, ""forward_attack"": 1, ""forward_jump"": 17, ""look_down"": 3, ""look_up"": 7, ""noop"": 32, ""turn_left"": 93, ""turn_right"": 71}","{""attack"": 11, ""fine_look_down"": 3, ""fine_look_up"": 2, ""fine_turn_left"": 36, ""fine_turn_right"": 9, ""forward"": 82, ""forward_jump"": 23, ""look_down"": 2, ""look_up"": 6, ""noop"": 52, ""turn_left"": 78, ""turn_right"": 55}"
bc_validation,tree_visible,negative,1101,4,4,"{""backward"": 14, ""fine_look_down"": 15, ""fine_look_up"": 25, ""fine_turn_left"": 50, ""fine_turn_right"": 22, ""forward"": 486, ""forward_attack"": 37, ""forward_jump"": 121, ""look_down"": 6, ""look_up"": 9, ""noop"": 15, ""turn_left"": 92, ""turn_right"": 209}","{""attack"": 5, ""backward"": 14, ""fine_look_down"": 10, ""fine_look_up"": 16, ""fine_turn_left"": 48, ""fine_turn_right"": 21, ""forward"": 501, ""forward_attack"": 36, ""forward_jump"": 119, ""look_down"": 6, ""look_up"": 8, ""noop"": 17, ""turn_left"": 94, ""turn_right"": 206}","{""attack"": 2, ""backward"": 14, ""fine_look_down"": 16, ""fine_look_up"": 25, ""fine_turn_left"": 50, ""fine_turn_right"": 24, ""forward"": 485, ""forward_attack"": 36, ""forward_jump"": 125, ""look_down"": 6, ""look_up"": 9, ""noop"": 16, ""turn_left"": 90, ""turn_right"": 203}"
bc_validation,tree_visible,positive,433,4,4,"{""attack"": 69, ""backward"": 9, ""fine_look_down"": 8, ""fine_look_up"": 7, ""fine_turn_left"": 3, ""fine_turn_right"": 3, ""forward"": 302, ""forward_jump"": 15, ""noop"": 2, ""turn_left"": 10, ""turn_right"": 5}","{""attack"": 64, ""backward"": 9, ""fine_look_down"": 13, ""fine_look_up"": 16, ""fine_turn_left"": 5, ""fine_turn_right"": 4, ""forward"": 286, ""forward_attack"": 1, ""forward_jump"": 16, ""look_up"": 1, ""noop"": 2, ""turn_left"": 8, ""turn_right"": 8}","{""attack"": 67, ""backward"": 9, ""fine_look_down"": 7, ""fine_look_up"": 7, ""fine_turn_left"": 3, ""fine_turn_right"": 1, ""forward"": 304, ""forward_attack"": 1, ""forward_jump"": 12, ""noop"": 3, ""turn_left"": 12, ""turn_right"": 7}"
bc_validation,contact_range,negative,717,4,4,"{""backward"": 17, ""fine_look_down"": 10, ""fine_look_up"": 15, ""fine_turn_left"": 12, ""fine_turn_right"": 7, ""forward"": 436, ""forward_attack"": 8, ""forward_jump"": 40, ""look_down"": 2, ""noop"": 2, ""turn_left"": 49, ""turn_right"": 119}","{""attack"": 1, ""backward"": 17, ""fine_look_down"": 8, ""fine_look_up"": 17, ""fine_turn_left"": 12, ""fine_turn_right"": 6, ""forward"": 428, ""forward_attack"": 9, ""forward_jump"": 42, ""look_down"": 1, ""look_up"": 1, ""noop"": 4, ""turn_left"": 48, ""turn_right"": 123}","{""attack"": 1, ""backward"": 17, ""fine_look_down"": 11, ""fine_look_up"": 17, ""fine_turn_left"": 12, ""fine_turn_right"": 5, ""forward"": 438, ""forward_attack"": 9, ""forward_jump"": 37, ""look_down"": 3, ""noop"": 2, ""turn_left"": 52, ""turn_right"": 113}"
bc_validation,contact_range,positive,817,4,4,"{""attack"": 69, ""backward"": 6, ""fine_look_down"": 13, ""fine_look_up"": 17, ""fine_turn_left"": 41, ""fine_turn_right"": 18, ""forward"": 352, ""forward_attack"": 29, ""forward_jump"": 96, ""look_down"": 4, ""look_up"": 9, ""noop"": 15, ""turn_left"": 53, ""turn_right"": 95}","{""attack"": 68, ""backward"": 6, ""fine_look_down"": 15, ""fine_look_up"": 15, ""fine_turn_left"": 41, ""fine_turn_right"": 19, ""forward"": 359, ""forward_attack"": 28, ""forward_jump"": 93, ""look_down"": 5, ""look_up"": 8, ""noop"": 15, ""turn_left"": 54, ""turn_right"": 91}","{""attack"": 68, ""backward"": 6, ""fine_look_down"": 12, ""fine_look_up"": 15, ""fine_turn_left"": 41, ""fine_turn_right"": 20, ""forward"": 351, ""forward_attack"": 28, ""forward_jump"": 100, ""look_down"": 3, ""look_up"": 9, ""noop"": 17, ""turn_left"": 50, ""turn_right"": 97}"
bc_validation,valid_attack_geometry,negative,1433,4,4,"{""backward"": 23, ""fine_look_down"": 18, ""fine_look_up"": 31, ""fine_turn_left"": 53, ""fine_turn_right"": 25, ""forward"": 764, ""forward_attack"": 37, ""forward_jump"": 136, ""look_down"": 6, ""look_up"": 9, ""noop"": 17, ""turn_left"": 101, ""turn_right"": 213}","{""attack"": 5, ""backward"": 23, ""fine_look_down"": 16, ""fine_look_up"": 30, ""fine_turn_left"": 53, ""fine_turn_right"": 24, ""forward"": 766, ""forward_attack"": 37, ""forward_jump"": 132, ""look_down"": 6, ""look_up"": 8, ""noop"": 19, ""turn_left"": 101, ""turn_right"": 213}","{""attack"": 3, ""backward"": 23, ""fine_look_down"": 20, ""fine_look_up"": 32, ""fine_turn_left"": 53, ""fine_turn_right"": 25, ""forward"": 760, ""forward_attack"": 37, ""forward_jump"": 137, ""look_down"": 6, ""look_up"": 9, ""noop"": 18, ""turn_left"": 101, ""turn_right"": 209}"
bc_validation,valid_attack_geometry,positive,101,3,3,"{""attack"": 69, ""fine_look_down"": 5, ""fine_look_up"": 1, ""forward"": 24, ""turn_left"": 1, ""turn_right"": 1}","{""attack"": 64, ""fine_look_down"": 7, ""fine_look_up"": 2, ""fine_turn_right"": 1, ""forward"": 21, ""forward_jump"": 3, ""look_up"": 1, ""turn_left"": 1, ""turn_right"": 1}","{""attack"": 66, ""fine_look_down"": 3, ""forward"": 29, ""noop"": 1, ""turn_left"": 1, ""turn_right"": 1}"
bc_validation,approach_dynamics,decreasing,608,4,4,"{""attack"": 18, ""backward"": 2, ""fine_look_down"": 11, ""fine_look_up"": 19, ""fine_turn_left"": 20, ""fine_turn_right"": 10, ""forward"": 370, ""forward_attack"": 19, ""forward_jump"": 43, ""look_down"": 4, ""look_up"": 4, ""noop"": 2, ""turn_left"": 44, ""turn_right"": 42}","{""attack"": 16, ""backward"": 2, ""fine_look_down"": 11, ""fine_look_up"": 18, ""fine_turn_left"": 17, ""fine_turn_right"": 8, ""forward"": 369, ""forward_attack"": 15, ""forward_jump"": 52, ""look_down"": 4, ""look_up"": 4, ""noop"": 1, ""turn_left"": 54, ""turn_right"": 37}","{""attack"": 18, ""backward"": 2, ""fine_look_down"": 16, ""fine_look_up"": 20, ""fine_turn_left"": 22, ""fine_turn_right"": 11, ""forward"": 367, ""forward_attack"": 22, ""forward_jump"": 45, ""look_down"": 3, ""look_up"": 3, ""noop"": 3, ""turn_left"": 31, ""turn_right"": 45}"
bc_validation,approach_dynamics,stable,630,4,4,"{""attack"": 44, ""backward"": 6, ""fine_look_down"": 4, ""fine_look_up"": 5, ""fine_turn_left"": 23, ""fine_turn_right"": 6, ""forward"": 341, ""forward_attack"": 11, ""forward_jump"": 62, ""look_down"": 1, ""look_up"": 2, ""noop"": 15, ""turn_left"": 31, ""turn_right"": 79}","{""attack"": 45, ""backward"": 1, ""fine_look_down"": 3, ""fine_look_up"": 5, ""fine_turn_left"": 26, ""fine_turn_right"": 7, ""forward"": 359, ""forward_attack"": 13, ""forward_jump"": 52, ""look_down"": 1, ""noop"": 14, ""turn_left"": 27, ""turn_right"": 77}","{""attack"": 40, ""backward"": 10, ""fine_look_down"": 2, ""fine_look_up"": 6, ""fine_turn_left"": 23, ""fine_turn_right"": 4, ""forward"": 332, ""forward_attack"": 9, ""forward_jump"": 66, ""look_down"": 1, ""look_up"": 4, ""noop"": 15, ""turn_left"": 38, ""turn_right"": 80}"
bc_validation,approach_dynamics,increasing,284,4,4,"{""attack"": 7, ""backward"": 15, ""fine_look_down"": 8, ""fine_look_up"": 8, ""fine_turn_left"": 10, ""fine_turn_right"": 9, ""forward"": 77, ""forward_attack"": 7, ""forward_jump"": 31, ""look_down"": 1, ""look_up"": 3, ""turn_left"": 27, ""turn_right"": 81}","{""attack"": 8, ""backward"": 20, ""fine_look_down"": 9, ""fine_look_up"": 9, ""fine_turn_left"": 10, ""fine_turn_right"": 10, ""forward"": 59, ""forward_attack"": 9, ""forward_jump"": 31, ""look_down"": 1, ""look_up"": 5, ""turn_left"": 21, ""turn_right"": 92}","{""attack"": 11, ""backward"": 11, ""fine_look_down"": 5, ""fine_look_up"": 6, ""fine_turn_left"": 8, ""fine_turn_right"": 10, ""forward"": 90, ""forward_attack"": 6, ""forward_jump"": 26, ""look_down"": 2, ""look_up"": 2, ""noop"": 1, ""turn_left"": 33, ""turn_right"": 73}"
dagger1,tree_visible,negative,916,2,2,"{""fine_turn_left"": 31, ""fine_turn_right"": 10, ""look_down"": 5, ""noop"": 135, ""turn_left"": 89, ""turn_right"": 646}","{""attack"": 499, ""noop"": 2, ""turn_right"": 415}","{""fine_turn_left"": 25, ""fine_turn_right"": 20, ""forward"": 1, ""look_down"": 5, ""noop"": 131, ""turn_left"": 89, ""turn_right"": 645}"
dagger1,tree_visible,positive,84,1,1,"{""attack"": 10, ""fine_turn_left"": 1, ""fine_turn_right"": 10, ""forward"": 6, ""noop"": 18, ""turn_left"": 19, ""turn_right"": 20}","{""turn_right"": 84}","{""attack"": 10, ""fine_turn_left"": 7, ""forward"": 5, ""noop"": 23, ""turn_left"": 19, ""turn_right"": 20}"
dagger1,contact_range,negative,0,0,0,{},{},{}
dagger1,contact_range,positive,0,0,0,{},{},{}
dagger1,valid_attack_geometry,negative,958,2,2,"{""fine_turn_left"": 31, ""fine_turn_right"": 15, ""forward"": 6, ""look_down"": 5, ""noop"": 144, ""turn_left"": 91, ""turn_right"": 666}","{""attack"": 499, ""noop"": 2, ""turn_right"": 457}","{""fine_turn_left"": 31, ""fine_turn_right"": 20, ""forward"": 6, ""look_down"": 5, ""noop"": 140, ""turn_left"": 91, ""turn_right"": 665}"
dagger1,valid_attack_geometry,positive,42,1,1,"{""attack"": 10, ""fine_turn_left"": 1, ""fine_turn_right"": 5, ""noop"": 9, ""turn_left"": 17}","{""turn_right"": 42}","{""attack"": 10, ""fine_turn_left"": 1, ""noop"": 14, ""turn_left"": 17}"
dagger1,approach_dynamics,decreasing,0,0,0,{},{},{}
dagger1,approach_dynamics,stable,0,0,0,{},{},{}
dagger1,approach_dynamics,increasing,0,0,0,{},{},{}
student_dev,tree_visible,negative,5168,12,4,"{""attack"": 490, ""fine_turn_left"": 259, ""turn_right"": 4419}","{""attack"": 490, ""fine_turn_left"": 259, ""noop"": 6, ""turn_right"": 4413}","{""attack"": 490, ""fine_turn_left"": 259, ""turn_right"": 4419}"
student_dev,tree_visible,positive,832,9,3,"{""attack"": 10, ""fine_turn_left"": 241, ""turn_right"": 581}","{""attack"": 9, ""fine_turn_left"": 240, ""noop"": 6, ""turn_right"": 577}","{""attack"": 10, ""fine_turn_left"": 241, ""turn_right"": 581}"
student_dev,contact_range,negative,2124,9,3,"{""turn_right"": 2124}","{""noop"": 3, ""turn_right"": 2121}","{""turn_right"": 2124}"
student_dev,contact_range,positive,3876,12,4,"{""attack"": 500, ""fine_turn_left"": 500, ""turn_right"": 2876}","{""attack"": 499, ""fine_turn_left"": 499, ""noop"": 9, ""turn_right"": 2869}","{""attack"": 500, ""fine_turn_left"": 500, ""turn_right"": 2876}"
student_dev,valid_attack_geometry,negative,5375,12,4,"{""attack"": 490, ""fine_turn_left"": 259, ""turn_right"": 4626}","{""attack"": 490, ""fine_turn_left"": 259, ""noop"": 9, ""turn_right"": 4617}","{""attack"": 490, ""fine_turn_left"": 259, ""turn_right"": 4626}"
student_dev,valid_attack_geometry,positive,625,6,2,"{""attack"": 10, ""fine_turn_left"": 241, ""turn_right"": 374}","{""attack"": 9, ""fine_turn_left"": 240, ""noop"": 3, ""turn_right"": 373}","{""attack"": 10, ""fine_turn_left"": 241, ""turn_right"": 374}"
student_dev,approach_dynamics,decreasing,2460,11,4,"{""fine_turn_left"": 56, ""turn_right"": 2404}","{""fine_turn_left"": 56, ""turn_right"": 2404}","{""fine_turn_left"": 56, ""turn_right"": 2404}"
student_dev,approach_dynamics,stable,1112,9,3,"{""attack"": 488, ""fine_turn_left"": 318, ""turn_right"": 306}","{""attack"": 488, ""fine_turn_left"": 318, ""turn_right"": 306}","{""attack"": 488, ""fine_turn_left"": 318, ""turn_right"": 306}"
student_dev,approach_dynamics,increasing,2392,12,4,"{""attack"": 9, ""fine_turn_left"": 123, ""turn_right"": 2260}","{""attack"": 9, ""fine_turn_left"": 123, ""turn_right"": 2260}","{""attack"": 9, ""fine_turn_left"": 123, ""turn_right"": 2260}"
